file_id,case_id
d7cb87ab-309d-4201-a343-c5708d25186e,7989b7fb-b9d9-4d3f-9352-cd0c1f28d828
fe22ecf3-1645-4759-9e4c-78f5ca10e6e8,5a769292-c3ce-4e18-b821-2bfe0e24978c
c2b85ff5-17ce-4395-9c3b-fe9ae56b6264,cb041720-0efa-4eb6-a9a5-b6e138bb1a99
3bca3cc6-c8c2-4d8e-8917-a154d5a88c55,3b19b5d1-13af-4669-a082-1bd546048185
d50d8f1b-0501-4ba9-a0f1-11c6f6b623dd,335bc811-8bdc-4f66-bdd0-703b7cc7464b
2adcc69a-5c67-4ac4-a820-983ee3a021a9,cc8614c4-d535-4ad9-82f0-f4dc7ad11d0f
73beb0b1-cb2a-4b73-b786-44d06d9a211f,5017c115-39b8-4c5c-8be6-2cb298d7c641
255a3d96-21ba-4e01-9dbb-f0c3f085ffe3,44a5c3b4-62a7-407b-b492-7069e1a43a26
75548da2-e32e-491c-8146-82ebfc0ab0c2,baaddd76-277f-4c90-9cc2-0fece30c9735
6b6053bb-f390-474a-87f6-3640b59e9e05,ec82a00f-3909-4781-8ae2-e54cbc1ac7ac
8db88bee-3202-49bb-b240-eb23abf10205,467a7e6a-8cba-4ef1-8afd-6c8eaccbc3df
f3f038f8-decb-42e2-b61b-07548190f350,41456932-436e-4cdb-bfe8-97d089656786
a8154a14-c799-4d2a-a184-23cc3f3c28d1,491ea65b-86c8-4686-99cf-f09505e20183
a31e39ab-a5e5-4f46-af59-8f428e1eec6c,010aac75-3bfe-4bf2-b866-af0f2d92f125
f55ee96c-7a5c-481e-9e64-072ff112cd93,b9a3b647-61b3-4d98-90ca-e307ab50984a
38fb0e83-bb14-4b33-8558-7e1a6ec6594e,01a13aba-74a4-4895-a5ad-e5119925c202
14c75562-be1e-4e50-b34b-ec8d14ec53b4,d766c3af-f0b3-4791-a754-d6546d370f8f
335c055a-d3ed-4728-96f2-62366af44f5b,b6c2c9bd-625b-4a98-830c-49c344f6cb5f
0ff087de-f593-4cb0-8517-afa1d70ed480,68f550ca-3a33-45e4-b1c9-14f99e543263
e79b36a5-ac71-42fc-9b9a-d7c276e2ad24,178ab87c-0582-4b02-bf6b-3a4c59a5ee1b
ff6a1910-75f0-4363-a9b2-b13425cb83f4,e7fdf164-a85d-4ff5-9676-d2215ca35403
0b0c931b-fb40-475d-b88c-fd3a4a891b43,135a149a-d153-465e-aa58-06d47bb18e00
3dce29b5-a88e-4257-9d5f-333f6505091d,0167cf11-74be-4701-ab9a-4e057d4bb545
f0075b86-10d6-4464-892b-c051df5aecf0,a0bc5147-d9b4-41fd-8df3-a241d23722e8
a23b6d23-1404-4ad9-866d-a429c54b0c78,effb5839-24a2-4b8c-8b6d-08cb66503d16
8a362215-a733-447c-b642-40a1bfee4e07,ea31c705-4cf8-48f5-8d13-e43563213c91
442aabc9-1980-43b7-b7e5-451bd60ff058,1d26c6ae-f2fc-49e4-83a4-b79398c3d8f8
1c5b8efb-3426-4321-a498-d7c4dcf4259e,b9e2f4d1-866c-4c62-a9c8-8de7eb364a6e
33e47737-6ebd-4499-ad42-d8d217b19961,2fb951f1-00a0-4caf-ac93-096056e77b1f
7ab34a97-4f97-45cc-93ea-c8e303535a0d,b297c4dc-ec58-4392-908a-586e81d57ef0
cdbada6d-a457-415e-b3f5-ebb9b5ba25d9,6ef2d9ab-f72e-48cf-92b8-f3159d28160c
eecf43f8-e5b9-4f94-80a9-b91ba7766f6d,7883e417-a793-4614-9528-6c2e9e44379f
4c542a6d-aa69-4a29-aa84-be090b224064,7740824e-905f-47a0-b235-54561ef58ba3
d461c126-350d-4a52-9dfd-95730e2bcc31,395798c5-3136-4a30-8557-a67a3abdecaf
c4204ce3-12f2-4551-8129-e3936216bb1e,451bad4f-6d72-4526-9978-38e090fc479f
f06ed20d-4f1d-43b3-978e-a1eb4d549545,b027ab77-70eb-4877-91a3-702064d9cc8b
8bea3b15-bcff-42ab-997b-296f6cd1ac94,6a8241a8-d9ee-414b-89fd-4c3b9f181cc7
fc533ba0-f699-4ecc-ad19-756cfe806416,7116ce06-d730-40e4-92d7-aef1f869b1d5
b190f0a1-1d24-44eb-a3eb-b40e9f74b1e7,a0b7c7c8-a6f2-41ba-9e61-9b7f8fbbbe1f
fe934976-d4e4-4861-9ddc-2de1323f2245,ad202887-88b3-4e0f-a4c3-7e135d4cb258
5ac607c6-e8f8-43ce-a121-b34e9af4181c,446d76df-3e78-4272-a942-ced0de27c794
56a62265-6634-4559-83f0-b270fe08dbd9,49d5acbb-d75c-4485-b456-6b50667fef99
b84b8ccf-ee7a-41cb-b3d2-cb192646e73e,75dbc8fb-4db8-4764-824c-eccf3a223884
b8e389a4-a6b0-4f84-9d8c-2b454c096d37,78a212bc-a740-46bf-a10d-0b9809a5bb3f
27fcab0b-fa68-431b-bb7e-68ecb9daa9cb,e00a9855-c15e-46ef-988f-25ca64ec4717
8989be67-54cb-4b3a-8c9b-6e460a99f226,d50e944a-3ce4-4632-a878-118499e143e3
9a9e9d01-b727-4e58-8d42-98385a46ea31,4797c600-f024-42fe-b287-d919b24dcb79
ccc040c7-0db0-465c-a028-55e3c782fee0,7704e4a8-c7aa-4288-b1ed-68c23abbe924
29db8e53-7b56-4fdb-8f4f-c2b71d064684,432fe4a9-2cdc-4323-aff0-59e2fdeda194
f4a9d5a0-5a3e-4067-8343-b8c0122bea79,ba910760-ebb5-41ba-81a1-c5355e3d3087
88dbb5d1-4c49-4977-b520-0897824dfb9f,79627774-078d-4056-84b3-f1f370f643e0
ce443ff0-ce96-4645-ab68-d2513ce04321,618f2aa7-d1b6-430d-a157-d3d956edefbe
53cc6b15-3f15-45e3-ba0e-75276d321287,4fb16aee-df08-441a-846b-558e0efe8342
df2faa38-75cc-43b7-bd5a-f45ffd7080a8,fa878a23-cd20-44ef-b438-33033b5fb1fe
f574d5cf-5b95-4247-a2d8-c02a04402e93,a6975eb0-cfa6-4b7a-bbe4-72bbdd3d3b6f
71beeb25-9f86-4ec6-a004-a63f4c6f8b67,30bf5895-0671-4fb1-a96d-857847fcf7b0
67e37ba5-7740-46ea-a616-82115c3f94e5,3f36cd97-eb22-47de-b447-5c96378e4a2b
943b3f57-c3da-4531-ac66-6835667b9b35,dcd0856d-423a-40d7-8070-4c0988d61416
be641913-f643-41da-9f1a-405333826c97,27d0d3cb-16c0-4ba8-9662-95917f665004
13696b4b-db01-413f-a16b-738d0590362f,b19dcbc2-b0d4-4759-9213-1a5b99df7e76
6f1c8860-c68a-4a91-8ec1-9b3b781a52b0,448d3e3b-622c-4e79-bb1d-b5f2e92970e8
fa1cc1f2-21c3-449a-90e6-d30f7d043a35,5ccd86ab-2587-4f35-b96a-4f4320b10fb9
887b33d0-3558-4e5c-b41f-3e6d8609f971,96d9249e-501c-49e0-9559-01da978a9ca6
6143d0ef-6fe2-4e6a-aca2-69883ea3072c,505e9812-d13e-42d3-aee2-55a85d6f4551
28ba26d9-3bef-48bd-a653-f43b8e0b014e,0f0d9a7f-dd85-48aa-b5b2-deff5bb6bdeb
56a4cdb6-2d52-4b8f-be34-79000afd7497,a3822b5e-d794-4126-b31f-c70e1cc47f22
e014490d-7d94-4b21-acf4-23878d717339,10887e42-444d-49fc-aee5-dd0e9fc4ea54
f00724f3-2364-41c1-af1a-ec3229eb02df,e78e8845-9fba-48ba-8cf3-418429ea5f56
9e7a88f2-83bc-466d-a026-ef7b96850254,723cad09-aa2d-4492-b19d-661b310e1c58
4dc83c9d-9252-4e0f-b362-c92dbda7c3fc,82ff7a48-ea97-476e-9f4e-aacdeb6659bd
9118c105-474c-49ad-b437-7285c5c856d1,81076cfb-f9d7-4add-b696-6eab0bad7945
16cb7244-847d-438b-8784-dbe3628c7357,482d4078-7576-48cf-bf7c-29014935fd47
42147d46-c549-4d52-86cd-66cda1e3943a,152f028e-ee29-40e0-8e75-5cafffacbd45
9bca0099-5112-478d-9bfe-51c6ae50e506,44553e34-5111-40a8-b76a-254751be3f87
ce7c5fc9-68fe-45fe-965e-d792402cfaf4,94a2ff09-f7ac-4aea-a2b2-0dc1b82ae635
534db6f5-e88d-4a56-9724-ea3a2b170dc5,765588aa-075f-477f-9c18-099d018d3a1b
97e496de-2d08-4778-8777-ef53f9d0107f,42cc9620-98fb-4164-a3b2-28d084ca5a03
34ca2f00-eb1e-4632-a2e9-420f1a84358b,c0d47e0f-4918-4e06-9db6-201671b1259c
342be365-6b8d-44ab-b5ed-0b504bdd4277,a80b0fab-6189-497f-997f-77234b69179c
5ee4247a-e030-4b4e-b4b0-8b531a3c703e,33615113-791b-4286-a23a-ad3d1f8d4b09
779f16d8-236d-45d6-b26f-abf11e7ce982,48607130-c09a-491d-882f-7d2591d13182
396f0005-307a-4d91-b71f-dc18fdab69e4,16242ba1-42fd-4fae-bd2e-433b97fc95c6
d67ca606-8730-436c-a411-5e4957fac58c,dadd7428-9e4d-4652-9469-ab521b88d529
cf0cb1ba-4fac-4425-92a1-4abcf560bd82,38eca720-ad68-43a7-8a1c-f79f838d5d03
1bc55aa3-d831-4fc0-a856-d86d148a5d8b,0df37550-9421-4571-9844-51b457d7cb2b
5106cf78-22a8-4bb6-9970-bac6b8750424,38f4b9f3-6709-40ff-9a81-5fa2111b1ce6
e6b25dba-6baf-44ac-b110-e989f9364db4,63f4aa26-dec0-4309-8b75-6446a7241527
09cf7a97-2a4b-44e2-a2e4-6ccafc6e87e5,c6ceb220-282e-4eef-8d36-4ce0a625cf7e
cd83040e-da35-4f03-88c8-633c68e13ace,d61710c1-8ac3-44e3-b567-66288a6ab731
3652e47f-1f75-45c3-bb0a-aea4f272833e,66c52a31-6503-40b5-a55e-fa476eaf0567
c375b729-dd19-43be-a04a-09e12a85b308,e89f7631-fdac-4be9-9997-70e400efdc04
edccf66e-ec89-4c9f-a264-a8e9df233e04,f79420ca-b0ae-417c-95f7-d28c35760202
2bc3d75f-7316-4cc9-8e89-de20ca0f99da,fc3948fb-df27-4149-bbfb-04443dfecc19
785c2be0-ee6f-40b8-9f5c-05a01748a35f,5469c0e8-0c58-4870-b897-8fa0704599a7
d81ddf69-e034-4c1d-a9a7-5b72f7ae21b2,ef12bfb7-4147-407f-84e9-586dbb10d583
4da2a7b3-064b-4166-b86c-431f1dbe474d,6d020185-bdde-4c43-9e38-71c6ed0c13d1
ed0069c0-588f-46a0-979c-a4587591a1b3,fc8828ae-484d-4fc8-a168-f8bc58ad65b9
1cdf6a0a-1750-41fc-a41c-e2bf31eef2ed,1f13065a-40f7-455d-b8eb-f9a128722eac
6a6cf11e-4ff6-4fb4-9157-485c71434931,106709ec-72df-44f0-8c71-87b7c755f8f0
2d49a87e-591f-4e44-8cc0-84ba403a31a5,bcc17e9a-6fe3-44ff-963c-d2d850a431f1
aadfe4d3-c64a-4ddb-aee4-9f1586506e34,b60fce04-9779-42c0-8161-d29d8a1d7c64
af2af2e2-1600-45ad-b9bc-43cd90e8df05,4ef429be-c345-4258-9b42-b56e215e1a2c
2b3ce3a3-c5a6-4dfe-9464-5b89a025ddc6,739cc9f1-71be-4f81-a5d1-eda673903e45
9f3d3be1-581f-4984-ba1f-290f619a01de,6a0b306b-f73d-45b2-93a6-b9bd625644a3
c1d15a53-2499-45d4-910d-98e72961d811,fbe32b94-b3ba-4a56-aeba-4cffe8de2da4
cbd60d0e-300a-443e-9da9-99d80e87bb27,8996dc64-8c5e-4e07-8ed8-2eb11c03626b
663067e3-5ecf-424e-8ed3-f2af0ca2de7d,6105c037-90f1-42d9-ac38-6e2252999a64
73d2ed78-1a29-43fe-a951-dbf886d9b977,debe24c5-e4df-4e80-82f6-8f40395aa9e6
861b5658-7ef1-430b-a3f8-0191ac13ab0c,84d80bcf-da24-4b93-bfe3-3d2d53b8b07d
0f78179a-1c6f-400c-be03-9a681db9d124,d58b535a-6c95-43bb-ad88-0600e6447537
e531c02e-4bd4-4405-bdc6-27a2a2daca71,c3c41fd2-f0d7-4f46-9e18-cce4626538c2
30e2c2a1-6fff-4bcf-9610-4e6a9897f2bf,80db28ec-ab3d-42a7-af88-b60fe8acb5b5
98cd5224-2d67-487b-b903-78e507fce02b,bae316e3-1fa4-4fa7-8ad6-a458857a85d4
43ba5156-749c-4e95-8579-ce2d40cb3ab4,f878bf8d-70eb-4b74-bf74-bdf63cb9bfae
94ee42a3-b0b1-4052-a227-5588163644a6,febe2ce5-737b-43b8-bc70-4194fe3ed5fb
6c264696-c2fc-4e0c-8b17-8a2fbb1a2de9,a96fabfa-e830-476a-b2a1-899689570bd9
c1fb5b9c-b71a-44f9-8b8c-869174eff9ff,9ed5af0e-c87f-46ff-81e7-9d3041b4034e
5dd164b8-f844-4093-8c17-0b3bcab0cc80,62ec50e7-636e-46c6-afed-66bf217b59c1
43bb7489-2244-45b6-8fd7-3cfeba68a847,1b43ff0c-cf13-4620-b5c7-7abd9129612f
4a08edf6-c576-4334-8a64-0a791215e966,3ac41cc6-5dfb-40a1-bd13-5dc7ca2bb6f3
32d3c036-ffeb-4b37-a0b5-6fbb22ec4ded,4a7d4805-09e3-4044-9800-73239f4d66d4
d9f320bb-43c2-4c62-a64b-8654f0d553d7,36cf458b-3c8e-48e7-92ab-aea1c698e417
b9cec324-6497-4ce8-8483-df214ad8dec0,e6c55ba6-4c8a-4ea4-8dde-74d01915db02
9b27d34d-09e2-49ec-93b7-b79ab580931e,b6f13250-31b3-46ad-b514-5a684f1094a9
85bb7187-4cfb-4249-8905-ea9fc7d9c763,e30f1994-3622-43d0-bec2-6d7e2d9881d2
67609840-10f2-44db-8ff1-de01657b701e,9ee6e821-3af2-42d7-9d14-f0ca455f338c
a853d81b-bd45-4489-a612-599f345bfd72,eef15b5c-5fbe-482a-b3b0-dd091888a6a2
38e028ed-d643-44af-8eaa-ca291aa41c68,8daa29c0-f652-4130-a004-5183bbe30c63
710ea312-b4de-40fc-8dca-495d7fbd12ee,d61710c1-8ac3-44e3-b567-66288a6ab731
df873385-ee5d-4f1d-b0b1-9ae9f4764e56,e326c1dd-2ef8-431b-a657-440aa3f35ff3
40fd9e58-74f8-4643-ab60-df09119628b8,d81b9957-8c82-4006-b111-449fa9fb95ed
c2529479-ef21-45ae-965d-3191020b068b,699d3ba1-94c8-409f-90c3-e7fe2f1cf825
98930298-ebfd-4d86-8803-7ffa62672029,a6ee311c-0a7b-4f47-86f1-f2164b128f9c
9eafa42e-9582-415e-b332-f72e7f2a6129,97bf8065-3e7d-4702-a426-24908f4d66a4
433f2de8-044e-4cd9-b68a-3ff274b97570,607b1f22-b744-43c5-91f7-fc69142ba30e
170195ac-e721-4755-b9bb-67d21c067d74,0c52a842-c220-486e-88de-8a4fec5d6a58
b6bb31ae-9828-4baf-b209-8f51a1374dc0,e695b780-17f4-4e71-9120-7c6bcafaa3a7
a6d611c2-7acd-4a63-a300-c001f7814e64,dd163547-43ad-4fe4-873e-83c4c6be4465
58cdcbc1-6229-4257-8fe9-cf0cf3153ea8,e0f8e70a-ac91-4d3c-806c-ba9c14ed43ab
496fe8dc-9bb4-4a07-a4f9-fa7ac8eeea65,2272dff7-a509-496f-b500-467c1bce2f79
903102d7-a578-43f1-81a3-34236017124f,99d396bb-5f51-4ee4-a149-244e8fcaf522
fb15f485-800f-4c8c-95b6-537828670c4f,41e4dc71-7767-44c2-9d38-110dcd37b451
0b6f4598-35a0-49e2-b836-63d29c7b8f94,5b9d7565-a933-449d-8ffa-ec5f82db2e77
0036265d-3599-457a-9a29-dc7cd6aeacd9,9f469edb-6b12-4eab-bd6f-9c10034d4cb7
b7e008d9-ca10-4577-8ac7-7152ea60badc,1f5b6b07-45f5-4da4-932a-df9665f6c538
a7e63f01-a476-4a9d-aced-aa0770f5c1bf,3f6ffb08-32a9-4555-bfd1-243b7f526105
b210a110-3ff4-473d-b643-1b7ba5009d3c,c40ab957-fe46-43b1-992d-b4e2040a3f57
bb765f2b-faf8-4ec5-8ceb-7afd1bcf0bb5,33600812-1894-4471-a365-75ae4d990b72
67e7b664-2ccb-45f2-8d57-f566f70007c8,e4d9b696-3311-44e7-9191-fde56c080a00
5c40ee53-95f8-46ad-97ff-b2721b233cd3,23c335f6-5749-4443-8ae8-61cccbb137cb
800e2605-f902-4875-8ccf-ff72d7491d63,a5d3f3fb-6541-419d-b47e-720d438f1bff
8f48ba3f-eee9-4f6c-b0ae-fba48b2caf88,dd7b23a7-b41b-4670-9fc8-78895fb00cff
d3415dea-8be8-4546-ab35-7d64f92bbb20,ed833be3-0e9b-4c9b-b6d5-1098f08265a0
f2793f4f-6642-4c15-a9d0-6a7b68410bd5,bff37de3-dc68-4e69-bdfc-8b524dd7774f
ffbba54e-8fb0-4ba6-9407-6e4e56ef0f83,84569c1a-6baa-4380-ae3c-707df1be4618
4a27eed1-752c-4084-8159-db0604d57a5f,a3be4e6f-c845-4d64-8111-d63fdf8cc8f1
a9048cf2-37ed-403e-96e7-971b3f4fab95,738f5c96-ee44-4fd7-bb8c-e2b86f8053c8
d9663e8e-497b-48b5-a61f-f324c74f2b41,a1192df3-7667-4d1e-a1a0-79f6cc827dcf
6a6f3606-703c-42e3-b776-b256a0b65f9e,b37abdc8-b9e3-4f1a-b16d-2e59442db335
66955bc8-c6a9-47c7-9ffc-4f8a94f7a5f6,58de25d5-8a32-4412-866b-acac2e321bfa
edaf94b5-3e8e-4566-b05c-c4d0aae5d9e3,02194c0c-e2c1-4ea7-994a-07b61b2575e2
6961a770-eefc-482d-8174-6c01255e5e37,4dd86ebd-ef16-4b2b-9ea0-5d1d7afef257
3bc2ee84-696d-465f-853e-809cbceee52f,7662940a-22de-44d8-b59a-2f2b090ea6d5
fad9514a-87d5-439a-9e67-016a296f272c,66990a9d-8c40-4c56-b931-5c3826c3bc27
dcfcdad9-a403-43ab-a1d8-0b91ceb3d3f4,977118c8-b446-4696-aa6e-9f1a1055e241
d301dd28-1e46-452c-9f46-ee3b8ce14e53,48607130-c09a-491d-882f-7d2591d13182
dc50c8c1-a132-490e-975c-493bf91a5d5c,ffcec8e5-9fd3-4b42-a7cb-74761f713cf4
e0a59eb4-b347-4dea-b4de-7d42da9e1440,400b2fa3-baf7-4baa-99b4-88b9f25b5049
f34992b5-f5b4-4d3a-a131-b774e2a645a0,5f853a88-811d-4eb4-914e-d90862c5d2a2
52264380-c32b-4052-b4a0-9bdbf2c381c2,d62d871b-4612-4bf4-b53c-9dd431e507a0
1ae55599-6e83-4923-8c9e-7e84e3814b8a,2e3b9f32-304e-454b-ac2c-fc72d2ccaa19
8c34ebe0-5028-4390-9724-c3170ab5e12a,a5e10e2e-5157-487b-88dc-6c70ad5e244a
3c4310bc-c49f-4a56-86cc-73503d02d0c9,dce168b1-d2a9-4409-8437-ab382f6d7d31
e4b76b16-d251-4d43-87ae-8c1630fc2d39,1f33aebc-edc1-42c5-baa9-e4b0a06fcb26
627b07ec-5906-4bf5-8dbb-b1fd690e9af3,ad80a042-c4b4-445c-9678-1c2614422684
cdd6c7bb-b494-4e47-aaf2-441e2d2eea1d,325138ab-2947-4131-b40e-971f024723cc
eedfd9f2-f4f8-41fe-a54d-4b3feb70190f,083c0b78-88c2-4ec1-8a81-a0792b16e2cc
7c03e027-0a51-4d70-b8a4-50b24abcd44d,1159c88c-39d0-4c03-9c66-36af5340a67a
d79dd60d-ff77-4c3f-a025-a4c25e250353,a343fbe3-147a-4656-9e90-5408298ca12c
c1c4ab78-0eee-4cf7-a66d-7d621bc25a0c,85f77526-791e-47cd-904d-d1dbb49eaeab
46552246-54be-4d60-890e-7b4f99188002,a2b0094b-8a0c-4505-a1fa-7e1e47d0374d
a2838589-939f-43d4-b31a-ba917aea880b,a4e2e507-7ddf-43df-b959-fe451971af1e
1267c9cc-d74f-412d-8e4b-08ef75f83dc6,c13bac88-c85b-4ee3-a51c-fd503cd7e726
08bb0b39-409e-49b9-bdef-b38dd168bc3e,0906ddde-02fa-417d-927b-1c400b189cac
dda99393-c066-4a75-9578-acc534531cc1,442df188-b678-45bb-bd9d-7071ed8aaa5a
d1acf0f7-2958-4209-aa92-e081795d2ca0,5e2539e0-2088-43df-ad2a-f854d8bb6d30
ce59f6f7-3c29-4dbe-af98-dd805a315503,334f715e-08dc-4a29-b8e4-b010b829c478
7024b2d6-6b4b-4d39-8025-c86e4a859273,c4f522c9-bff5-4899-8d27-c105dab795a9
c68f6211-d4e0-49de-ac54-a190ad2b276a,8e2dcc00-9f7e-4dee-b24d-43c8b30294c5
96caff55-1d88-4ce5-88a0-451ab2a4efb9,ca427acb-034e-42e2-961a-b9d5dc30b741
8fbbdbc2-fbcd-4dbc-b040-e421db2b8b49,735b1100-07f6-43d4-b29c-46d0f025573f
e2ffa601-82ac-48f3-9e95-eb975cae0a61,e2b1d161-d8cc-4eba-87ac-9449c6cd2977
a985283d-ec98-4d64-afab-579dd29327d4,992452ee-8d9f-406b-9708-7bcb60062743
12c2f467-af20-496d-92bc-1e12c54f1703,e695b780-17f4-4e71-9120-7c6bcafaa3a7
2a57b951-b9a0-4e8f-8e16-4e1b6e2923b2,ad1c5951-ca93-4102-889b-e28e2bcfea76
df1de5a0-5730-4efc-8015-0a2363fde0bc,c0d47e0f-4918-4e06-9db6-201671b1259c
ee637669-51e5-4aca-b07c-6fc0554ba7e3,775c04e6-a02d-44a4-86f7-496056edd249
c6fe870e-5a72-4f1b-872d-ece4fdc4a76f,dd85dbb2-31c3-4bc2-9dff-3bd27c79a9ad
200d0452-cd1d-43a4-8b7d-a6efccfecc27,25fb2523-3f46-45c4-b54d-16aafdeb4904
b299c735-c19c-44b3-99b5-10d86bdd08b2,50975570-c0d5-4ee7-9226-40b3db1bde84
4a9b44e1-b7ce-4133-a98d-4a6966ee17e0,e30f1994-3622-43d0-bec2-6d7e2d9881d2
5c01e613-9c38-4d3d-bebf-1b4fe605414b,b10a9314-fd40-459e-97ea-affc636dceea
aa1ca064-ea44-4f6e-ac7b-aeacc56e29dd,dc5bdd21-b23f-400e-bbe2-4c98a517fc9e
8b62d8e8-eeb9-4abe-ac92-8854262e29cb,6d02e00c-56a5-4433-9930-f036e2aa39aa
d5f7011a-12ae-499c-a1d5-72040328d9a4,9922de10-9280-44c0-b86f-6d1ca7e55bf2
9b71fda9-77a7-4269-b6a0-3f67a201a4e4,1aa6b9ff-7c97-47d9-923f-2bd83f20e531
57557f52-b8d8-44d8-8f95-c0fc54db0bd9,bc6fbb3c-870d-40b5-983b-7c88705e020d
ea9168c2-9abe-4fe7-b89d-dbdaecd2780e,0b283f95-dbd4-4c36-9201-2198a90ee0d6
5ad81d7d-be8f-4520-a752-ddab0e0639e2,29e95c77-f55b-42e1-b81e-eab4bb3cf803
993e11b0-7c14-4408-a6e3-cda31d342d02,048056cd-39dd-4134-a58b-70bebb3dd2ff
08b06651-1734-4fea-bfba-a6bf3e02882e,0efaf8f9-177c-4ffb-b03f-f0316adf5dc1
fc8df821-b58f-45ef-b8ce-bbdc0e00dca9,c2f9dff7-751b-4704-8e6e-f4f800297030
b46ffded-c6d9-4ac0-a4b9-f2dda8533994,15a6ad18-a81c-4f5b-80ae-ef56ccf722f9
a4927f36-b58b-4063-af71-fa4a387c9366,732df38e-d32c-4d63-ac97-ad655e2e5732
11087a1e-c842-45e1-9852-992e762e596c,8643437f-cd1b-47c8-86bd-87b6c2f80747
854cbdc6-a19b-4e2e-890b-aa6c741aa125,975e17c2-b93c-4d45-8a85-786f365e4a93
24434488-f132-4550-a0a2-1961c7f3ca97,f842f756-ce78-4c99-bcf8-3bce18a4d9ef
5fe8d89c-a6df-49c6-a73d-ac5c0e419dd4,691d5202-90cc-4e08-83a3-0620a89d3a4b
bed70882-c46a-478e-b1d9-fae72fef972a,1cc53ade-73c0-492b-a7dc-328269fd0e66
f19735e6-9dc1-4acf-ad4f-210071262e86,62e27075-7ddc-4f15-ac21-0a8244abb12d
4d42c0ee-b8e9-4723-bc0f-e33b58d75097,5a3edeb6-133e-4116-9f80-2485bd70754d
4d1359cc-acc3-41d6-bdf4-05b9f6a5c8b0,3b68b6ff-7efb-4d53-8bd8-c76cd68ab7c0
4c900819-0b7d-485b-87d7-4e7724e408d8,6d17c327-435a-4cba-9626-3b5b7b7375bb
722ee0be-fd79-485e-899d-a7d5573d1d82,7e17e6fd-ed83-471f-91e3-5934885c8e87
5a857158-9b0a-4b72-b07e-34aeafa61d7a,c2c16878-b615-496c-8fcb-d49c97e15551
dec4a4bd-6700-457b-8136-6ce07d91dca3,cf2a1b98-5693-4c04-9167-f85e69a88a4a
46913d6a-3494-4641-8779-0d54a4f7eaf2,d05079f2-9883-46e6-ad06-9e561f08d819
11e26b45-35ff-47f5-8915-d2e30fb51f85,7eb5d055-e1c8-4b93-9205-a49a6e79dfd4
eb7c6437-5187-4a97-aa7e-d1c8f84910e6,029b33b1-7ea9-4b77-a615-7eb0e3ebd5e7
5ba2595a-d972-48ab-8e9e-ff2667be9bef,2cf49bac-dea1-45ff-9e1d-09f5a2ac5215
70fe901c-820d-4936-baeb-b830dcb87e62,ad72e61e-51e3-4992-ac77-65e895935736
dc7af62f-3305-43f0-a711-0d6ae4563fed,8839f236-bc04-416f-84d4-50f67fb338dc
cb7a370d-5a42-4112-a917-f77f6d77deb2,76cb16f9-37be-450e-b60a-5f0d0f1ec2bc
24a84659-b952-4a30-a435-e255782c606b,bbfb5399-8d43-4b75-bf90-23ec142697d7
1bfb3df5-60b2-4ede-88c9-27c662f5defc,42251e02-b687-4bf1-a1b6-e3dd978542e4
06850a62-4350-42e8-81ba-3315cb597b46,1e713e76-064d-46dc-a53c-20a17eb68341
e533ac72-c168-4f99-a625-6e4d4f74fdd7,176d89d7-f8f1-4a72-b45a-31cbe1632a30
97f7ef4b-87b7-4df8-bd2f-43d355ce5091,76e54ef6-1799-4fd9-bec3-0ea960e8461e
df3b2c00-eafd-4826-b28d-9ea4a550962b,9d0c1552-00a7-4f0a-a04a-a82e721ee4e3
bdb45a41-6186-4cdb-889b-33d8da3e170a,1f54d21e-752f-496d-8453-4b9b8738cbce
119b7796-46bf-461d-8f6b-9fc3de48b1cc,cd69d509-a652-4257-a8d3-767296bbb4ec
bd4dab1f-4c80-46da-9ff7-3e138bc82f03,c031f2a5-a563-4d5b-bd62-49d4fa5eca78
2787546e-b52f-404d-8162-ed0e065b6bc0,3f70c3e3-0131-466f-92aa-0a63ab3d4258
95f0e994-0723-4d75-b8b1-25c82034e508,25ff86af-beb4-480c-b706-f3fe0306f7cf
5562cd37-b20d-4857-b174-556f9ffd55e3,1f2f3bf6-acdd-4a72-8c33-230de40910eb
419dcff2-bcd3-48e7-985c-2b0a2fe2fde0,8cba230b-46db-4d35-8123-3879eba32402
4d4ae850-752c-445e-8528-62a83a34c78d,f62be2b8-88c4-4a7e-8c80-8176fb5f6c56
6f42b0fe-5c0b-452e-bb4a-881937494f1a,04e6e843-7f31-43da-b111-280ce2bd1949
64558f46-afec-4e8a-af5d-136b2c959261,5a2d3bfa-4bdd-417d-9796-e3699760114c
146459c4-d8c8-488e-bb07-d443e999b08b,45b6d41b-3a1b-47e9-80e4-59355170aee7
bf72000e-098e-4c43-af06-c749dd88e1aa,cf29547a-305b-4e6e-8342-36aac0850065
579d5411-043b-4cf6-9f45-0f3f1f209b79,345d975c-e666-4614-81eb-5ccbb5bd2cf7
e30a0dc0-5494-40be-a8e2-a020f59a02fd,ae4f0714-3b74-46c0-9c1b-f028c7cf2e62
a7346cd4-ee05-4336-ba29-803da199ed53,6a0bcf0c-fa4c-4119-99d2-f722b781d20f
7219d307-d0f1-432e-950b-06c5d7ca5e20,9e621541-d603-4d2d-b86e-2834d3b9f9a5
9da87457-af1a-44fa-af2a-62c2c9ebc9a0,92a7c445-2217-400a-bdcd-df41502416b6
a10fe365-5e60-445f-8249-8d6b9a176f17,3d58ded1-b7cf-420c-ba59-5b424683f0df
beec6fa0-f2fd-4d92-9455-25f46433860b,5795a884-b62a-46a9-81d6-f24058424660
7a55ca36-5693-49c9-a4d2-53a41f5f4487,4289a50b-c6be-495e-9826-53aeb67b6a22
64adac28-c271-4e8c-be1e-0eee864d8de6,ba62b5eb-e169-4b41-b949-e004d66e98a1
91b09fe9-cdee-41a4-b9a8-495c8bef296a,6957d45e-7ccb-457d-800d-c2a2037f4f01
ec974977-4b7c-4951-84ec-93c8317f8667,00b18ad6-ff70-41fe-8f4d-0763ac8f28b9
751bc3e3-3730-449a-b505-bc9af0b7b1bc,fc3b7596-f515-446f-81db-fed0154ca2c5
42075f9d-7c00-4e51-84a6-035a4d420932,dc7ec60b-5ea5-48a4-8908-55caf9214272
aa402adc-5a39-4b4e-a903-208fdc6c980f,a85fdb41-24c1-420d-8905-ec297f018bd9
2266b45f-2689-4617-b0a8-0a5c60100246,834e560a-a506-456d-baf2-a206ca058153
81b05b0a-984c-4245-b554-066f08a4feab,0639b753-4099-4ca4-adb9-763069a614ef
20e46df7-f18d-47f1-8d43-1a48dcd094a3,14e6c57d-d78e-4660-a21f-4f90a4503080
78f9546b-ce5e-4b9c-9dde-812e71b5dcb6,230f5fa7-aa36-41ea-b40b-08f520767bd5
d51f9361-9a04-4a3e-8048-46b567ce1292,f2d3fea5-0d20-42d3-b918-adad715be4ee
9681a086-6b16-44cf-8caf-ad616c5bc532,0d61bdbd-24b1-4885-a099-9e42ca7eedcd
ae0b3333-9b41-4040-826b-30902b7d9ae6,904371b0-1e2c-4cd7-a69d-29ae8c5fec8b
4415b5d6-7f74-4585-81a9-90886b1a42a6,0073a136-d5f4-4fd6-88f9-711768f2abc6
02313399-cd28-4c61-9363-4723e77b60ae,427f4d23-2b76-4a2a-a498-0c3473f57169
698a4f3d-3b94-4523-9d24-bcda15a41fcf,dbfaccb0-e8c0-48e8-9aef-570267574822
65a4de5f-a1f9-43cd-a18c-19f00cb47e00,5f10cd91-1e03-4016-b35a-8629a1a8fcc9
fe118e9b-2ef2-4455-9303-509f8b3deb1d,d61b5d20-4d6d-4fdc-afe8-4b100b686eda
bcafa6ef-7097-4d2d-b828-704573e49a55,7e41baba-7ef6-4030-b595-d95cd96336b5
4ba0980f-f16b-499a-aaa7-d6d25dd0749f,d209cffc-fe21-4ae7-b610-e5668ea84a3b
99563fe3-1722-4c80-938a-08d29af581a8,292cf158-dd47-44a1-912b-73626095a0f7
37336a46-20bd-4bda-ab46-dfdb135e7424,b7cd3b44-ef6a-4207-a44f-14f5b3b56ed4
77223fa5-2fa0-40ba-9dcd-5e954862c98f,1b77d1e8-0a02-41de-a408-dcf33a43407a
d277df5e-9fc6-4602-b8a2-3c6cf4b548bd,da13446a-c4dc-4d02-80c8-410273925ac4
df3b1739-8432-4130-9aa8-11bcb45b8a98,fee2114e-f723-4374-91f8-f1dcc6b3eaee
20130b26-e2b9-4807-ab1a-1f19f4cce593,152eaa99-05f5-4d30-bfb1-494a9a900e49
a3cf1b02-d8fc-4302-9b86-1bfa3eba64cd,135a149a-d153-465e-aa58-06d47bb18e00
2348439c-e819-412d-a2d3-000a20e2b2c2,878ced76-3144-4141-896f-50e3e863df36
85dd7acc-745c-4f51-9ad3-436426bee987,6a3e577a-4e07-4468-857a-79edbe6833cd
e513105f-81c8-4205-8601-1a7880f0dff7,65836b59-b469-4b89-adf5-e65735e494f5
7ac0f69a-91c4-47ab-b5df-41dc86b66a02,0b54cda4-7568-481e-b0c6-2c5c6de0026c
b2089cbb-e4d8-46da-a6ef-200561a4f5aa,12f02422-585d-4068-bbde-bc279c6a89ab
6b9c7c77-3838-4284-917a-cb8d2c711308,887def39-e212-490d-8849-2bc932fceff0
99faf97e-c6a6-4409-bdd1-c53ed08bfec6,823f571a-3cfd-465d-95fd-187a398ccf6f
fac86698-3fa1-403d-a966-d117321f25ac,033c1f48-9225-4159-b23b-7042272877da
1bc413c7-1cda-4b10-a6f2-5edf576d206e,9239a22e-80b1-49a2-b0d5-cbab7e415254
4dfe2105-ed52-4513-981e-5046f84a6ca8,3e4851ca-4d69-4035-a2dd-8ed6e70f1ffb
7a0877fc-3654-4018-aa0a-605d0e4d43db,82fd02ab-d628-469f-8853-4c603cf04964
06acf91c-0c73-4fb5-8cc2-3ea64d8cfe29,81fb338f-1023-49aa-ac0f-ba763a6cd68c
ea9ef11e-71a0-4c0c-9e52-d3d37e5598c7,fcf14e9d-4671-453d-b8e0-5008e916f56d
d698c536-0473-46f6-8a03-1c0e719a8bf4,c7b2833a-9fe8-49f6-b888-2d27b0516f5c
a4776563-2635-4f51-a118-5e201841dc2b,a418fe65-dfdd-4c84-b27c-b4567b50f457
108918a1-1059-48df-99e1-dfa9c7b90d70,f86fa219-34e9-4812-8edf-2b66d7219779
c3dfb031-7f10-4e34-9f79-a7311930e02b,11dffe71-b516-41e8-9987-e0ff5d2356d1
67481787-38bc-4870-a54d-2c8f705dd252,ae2db022-eb4f-4b65-89b6-9fd4439ddeef
b7e6b762-5f8b-450b-ae48-e8ea9daa86f3,c50c984f-316a-4f24-968d-618691c54c3d
a703cd81-9064-461d-bc53-7aa621154ac4,fb3884df-3680-4c5b-8092-981007aeba03
b1ebeb1b-79f7-4e70-b68f-2662560cd0e2,cfcd3835-bb09-400e-b7eb-55ac139d01f8
1006a3aa-16a0-47fc-a0b3-905ba919e769,5e0748f1-990b-43a9-9ff1-6a667cc228a8
7ecb3e79-09e6-44fc-9bab-1d38d5f50b0b,dcbbaca6-a24b-4bed-95de-314cff71e436
b304d91b-8a6e-4432-a0ce-bc62bc1d9e7c,62088274-a45b-4616-b086-b0ddd64895f0
86c4590b-41f4-48a3-ab93-5a71ca96ec54,975c76cd-f88a-4d88-93a4-fbf2cb9e2e3b
d6a70741-4373-40d3-bdfc-0081d099b486,e3ed0c19-6acc-4be1-aae2-73fe73cc9f24
48b18d71-4315-4b4b-ba2d-9138d3fda6a1,0d5a4c63-c3fb-4295-a433-d90cdbfc4ed6
97e45021-3792-400d-8c4b-46917609f7d5,94b95c07-5f70-4a1b-b40f-dc13f6a160d5
90721fa4-50a7-41d6-9bf2-065f4b67f837,58c82c76-9198-4c95-80f8-c043d1cea5eb
27095d87-d937-4b3b-b25b-6c2ecd2d5e2c,fb6437f9-ade8-4c33-a0d0-ceacb2bf784d
a10b660e-0bbc-47a1-825d-ee7e9ae0a7e7,09552b53-4393-4811-a671-a9ef6eff4790
b3e74910-cf1f-4914-b937-558401a5aba6,c371e2b4-209f-40f3-a30c-51df8270b5de
cbab123c-f90a-4599-9470-856f4134b594,bc66f21c-7ae6-4312-b6c1-ea3e19f90485
92b9367b-d6dc-461f-9e51-56d068c4aad9,484dd45b-a16c-4650-bac9-832fbe4d96eb
61276983-4255-44ab-9476-5e31da6915fd,0ce8d92b-54e2-45d4-a551-0faf94a27d46
c1220327-860f-464c-91c7-124726b63b58,c81d4681-c02f-4b33-abe0-b6ad7d61194d
8520e4c1-994b-4459-bb23-9ced9fc691ae,275cb949-2f61-48c9-84f0-ba8ae4fa35c4
4e63c197-9a3c-4b2d-9efc-133ceab4bc40,6fab9c30-354b-4f99-9b60-6823c12b9b0a
6dfafca5-3706-47a2-a67c-449e8b068bbf,2c982cfb-4112-4e27-8293-25aa9e01faae
684c1457-6467-4961-8251-329618baa98c,032096a6-1923-44b9-a1cb-181bed041c8e
04581330-fb47-434a-92ab-334c33a726fd,619e18c1-09b9-468c-816d-6789c0bef0a8
4d1a434c-6558-4686-9d5d-073c3b9bc47d,42156c6a-416e-4832-9c95-cee6084b0910
65a86d78-3f7a-4520-860c-a0019e779fbc,1937318f-a1bb-4f48-b8ec-4aadd406e52a
fde10455-60d7-4104-a54e-98035872f4e1,58650d08-7685-41de-9ae0-21665f8f449f
d1f6f32e-277b-4e41-84af-03924a244280,ae081e4a-efa9-4b52-b15e-29085c0612d3
20cca818-f736-4207-89fa-1658c023aee3,fcd9e1c4-bddb-4856-844c-03df48fba499
b0434bbe-bc85-458d-b010-49392832f902,97ffbe14-9070-4a5a-8760-225a88834b40
df7c1d1a-6418-4596-97c3-1230b6d6c91f,c56fa247-ad97-4dce-a2d3-9bdfc5dc7b1b
2225f985-4c8f-4adb-90f3-7efea70bd54b,c0d47e0f-4918-4e06-9db6-201671b1259c
5d9e5373-0cdd-4cc7-8329-ef2e49d2b6ef,c35f36b1-ba3d-4eea-bf5a-c95480202176
0315043d-24b1-4f9f-a082-75c15592ad74,4839a058-fbca-44c7-bd61-81943b4d45d5
6882b683-55b9-4ed0-bdc0-72a5c1176749,c6cf2b8e-40ed-4c9f-8419-d868bd5afe11
0f421c49-c625-47ff-8db2-b1f49d7a3ce6,5ea230a6-77aa-4aa5-867c-09651d481d8b
78096351-1c9c-43f6-ac4b-e07497e84d5c,b435e88b-f105-4c65-b725-126e5a299113
cd305e16-629d-4964-891b-6d7fdd3e845e,fff304a2-113f-499d-a88c-9d3660c348d9
14b000f7-312e-4577-9f59-d8dfc64f71b0,e349d8aa-bb82-4ce8-b14c-61216289f25b
9af981dc-5d27-48e9-8d7d-b48238cca44d,cb1e9916-c03f-405a-a797-15823df09c8e
7c621650-5c6e-428b-aff1-eebc111840bb,6d2c49c3-0721-4bd2-b39f-7872f2de996d
e73ae788-3cb1-4cd7-b2e5-3d0b33c4435e,41fbb9f1-4a13-48ab-8649-0608c89cdd9f
e1de83e4-bb1d-4403-86da-524eeaee9718,6355cade-7b3a-43a8-9f1f-8e7bc45755a8
5e702c75-18b1-4211-91bc-d256ff48824b,ea7f3ed6-e44b-49a1-8b5c-ce35539e7bdf
776813d5-a10a-441f-a15c-1e357b58ae84,5eef573e-6a44-4dc7-8aa7-b136863ce910
794b8063-3439-4ad3-a7e7-664d8ad44c4f,722c172f-46e6-47a1-82e5-3207278df89b
b398a86f-7f76-4ee5-8ae6-21faf80dc7cd,01c4ca12-ac08-41dd-9e4f-bfb0971688a2
0eada78f-4e86-45ce-aa3c-9f75b05453af,2c03e8b9-8856-43a7-853d-5ec51a6e5330
fadf5601-d36f-481c-b5b5-4f3050603c75,284680b2-f961-402d-8740-e5f9e4fb4a98
6793a5c9-6aeb-486d-bb3d-d58f35aef3b7,76e54ef6-1799-4fd9-bec3-0ea960e8461e
eecd3e80-eab9-4a50-88ef-36987f72df20,b7395082-415b-4ab3-bf1e-59d0f4e4b488
8ff85a4f-b318-4a1e-ad20-68cbd899b757,8e44fb97-c649-4056-80ac-257cef61d226
e40d5067-efe4-4cee-9f25-4ebc9c62ee8a,f6a81d81-7df4-4273-8a86-e0cd3b8b1df5
9eb09b8e-64c4-42b9-a7f2-4a8cf3b4b6a1,bb4a30d5-4eba-45db-b05a-bd843044d508
2defce0a-dcdb-4514-b937-e53a74fd44da,49967a57-7c12-46bb-8d71-cebbb17c9935
991d854b-f520-4b2f-833f-ac2a0bd5733a,b6951c37-377e-49b9-862c-968082e8682f
5a1c0e75-2bc9-41b5-a1f6-ac88a363a7bf,d698946e-57dd-4ff2-b5fa-7a1d15c828be
1c32d5a4-e92b-480f-b3af-acce2d1eebab,84ae73e4-3b39-4444-9bfb-3fc6057eab32
ea22ec1e-9366-4aa6-a753-94e0656ece5f,837b51d0-e6b7-431b-a5f3-7615bdf12b67
e32729ca-3803-4b1e-b876-cafb1ac47f8d,24ebd152-f8d7-44eb-af7f-8ee7f2e458e4
ec6704e3-87aa-4a60-a0f0-641c1e14f905,a56c2083-33d5-4c98-b85f-3b68a3d80add
114eed26-4f2e-4ab1-a14e-ea5ae07339c0,e661e157-c6bc-4024-9905-97954759aad6
2441998a-4547-4025-b3f0-ca81670c7376,92ebe72e-508d-4547-b14b-b8e02e6233ca
43def77f-9b02-43ed-94c1-6a36e52ff016,194e8231-e8d4-477f-8c62-e11f2484ecce
49189f7a-3d55-4265-8131-b85d090374a6,2f8c789e-bbd8-4753-a48b-6894c21162f8
d38ca4bd-3ad5-486f-9cd5-c2605d04c8d2,bdfade49-9059-4665-beea-c55117ba6564
beaa167a-7fae-4e2b-b498-76be8dbaffa9,60b30a95-3e4c-413a-9de6-16a5bca163c4
f5d025f4-a857-4683-804f-1bbe6582c740,0536f465-1650-4411-823c-c660bc7f3adc
6fbfcff5-c920-487c-814b-3c70030dfd69,c8700ca3-8c0b-4b2a-9e87-79d244a0f892
0fc94d3d-0b22-4400-a43f-5401988b3f31,a776cfd0-db9f-450a-943c-5a9a80a75fb7
9b2563dd-2802-4d88-bff2-44523a992c64,183dd089-e932-4be2-b252-0e8572e7da4e
a1bb4ab4-3500-454c-bb4e-e23e7295aaff,a5f851c5-6130-4ea1-9f86-be59331a92f7
9e133235-4024-4d3e-aeb9-01240cd60d26,081b6532-0ed4-445a-becb-cb2290f4854d
c1fc6744-7d8a-4541-87fc-bd96b0b9dc4a,71ec4c84-4aef-4c1f-ab07-dc264c5c0602
3e514cc6-a455-4850-82b0-c295d3c145d2,d13ac936-87a9-4164-bdab-02ccf3908cfe
f223275e-7c92-43e8-ab91-0347dd9e7fb3,172701cf-709b-4e8f-b2fa-e2690a9e272d
5025bb02-2f78-442b-a600-41d0f6518274,f18dab99-26b0-4727-89a9-7f16bd382356
715bb6ea-1d5c-4c86-b49f-e710cba449f0,36615695-921c-4c8a-93d6-6c788079beae
933972ff-6b92-401b-95b3-1ce06d0040ec,b2b57e93-2722-4546-9a0b-20155b86edef
0992c5e2-cbad-49b9-b4f3-34b0fede05fc,b3f0dece-94e8-4eaf-91bc-4b3f4dae12d2
1bdc3e32-43ef-45ac-8894-ed323eea7f0f,5119aceb-ad95-4904-b6c0-a0a4b42c17d0
49a5e104-6d4a-461b-845b-058f10c70d26,a85aebda-b182-41ba-815a-3ff055e22829
75a01602-de54-45b9-ab94-50f921ccebe3,cdd1fd4c-3427-496c-8391-4aeb6730d3cc
3db0014e-61ea-4120-ad09-d979b550a9e7,1701f4ad-58c5-40d8-90c4-99e3acac0104
152f6460-e353-4637-bdc3-aaf3917c36d8,6b225409-09c0-4a51-8f42-8fefe3855c4d
71682fac-f65b-4a1a-bc31-433185024ad6,001ad307-4ad3-4f1d-b2fc-efc032871c7e
674e588c-f716-48e4-baf6-64ebdbe8ad25,49a87025-d0a4-44b3-b6ad-563bf9651093
ee14fd7b-a89f-4a2e-b826-3d718e0527c9,eb42625e-fbbb-4bee-bbe9-315b3ca2138a
f954597a-ec26-48ef-827d-4283feb696fb,976d067b-9d7f-4920-a04d-e831edc6c2c2
9cf29994-1ae6-408a-85a1-fab1308c86f1,1ebdabea-8931-47af-a1cf-de1bd1de2a5b
8bec4a1b-ff5d-4a86-b4da-0509c3dc5476,f4a1fc14-0d32-4e77-a8a3-fd8fea82188a
da3275a8-6b34-4ef2-bf79-184cf9eb9e25,a0672f6f-6406-4d49-96d0-6afd571bbd00
a1fa6ab4-2fbb-4c27-8a8f-34b08b3ce2d0,de6f01bf-2de9-4d07-a956-e6a4c0acb371
e7a85361-b8dd-457c-9cb5-09bb08628f41,621424ec-67bc-4c42-b0ad-64c5654b5ad9
6226dc06-7501-4e2d-8ac8-e6eec153f6de,019c5de9-74fd-48b7-95a3-227532e16c5a
e56c7c40-a087-487e-b27c-e15ce9cc1c10,669605f6-39a1-4f8c-81dc-39430ff5f892
c4f4eb8e-5c22-41f2-814d-6c50fc07e10a,952dfd5d-e65a-4307-b6a9-2ed2b0d2d9ce
06ac8ed9-e3c8-4098-be90-9be106a5ba4b,4e1606e5-f4c1-41a2-9f2c-ad0d02650070
03fcf646-b688-4657-83e3-a013cf5ef3b5,215e117c-4d76-463c-8f8a-fd6a28d23929
ec0924b0-ed8e-4d8b-9316-4524df350f28,77472095-030d-4679-921d-8e8e217956c5
c0314628-5c0c-47f2-bc2e-0405fccaa645,688fc346-a14d-4859-8727-057cd0a0b880
8e193415-6641-41b8-8ae6-048606baa209,81622da8-9f36-4ea3-b223-d831d8c10f87
aa79ff24-878e-4cb4-a0d0-9acc25305ce0,2cfc07f3-a31c-41a2-a9e3-b708d2421a78
fc9d33e4-26d8-460b-9022-432fe38007a6,912d6455-0a50-4fde-b785-f6c09b00b7e4
0a4c45a7-2b79-4109-b07c-5b468e285f42,b95afb1a-a1df-4d85-ad34-191928e28a77
6a00f16e-ff7b-4333-97e3-81acba4303e8,c45e02e5-7e3c-4f36-8b8d-f54617e8a436
60715eb9-dd91-434c-b024-8bb8a0a64291,e09f93e1-1649-48fa-9e2e-d13ac6d50b97
312f9c6a-7aac-4ebd-9fa1-2508930547d8,bfbc0d1e-2a0b-4c60-8a37-91e3ce4b79ee
de383369-5bc7-4c8a-808e-6ae94758a1ae,8d07b1e8-5d1d-4a43-b616-d29dd58ce5fe
248fd04d-ae71-47bf-bb36-f0cf44b759e2,ae61a71e-53a1-4884-a4a6-729744d1c309
1e126bf6-8409-456c-88d5-996af283acff,70939245-41e0-4845-a473-5fef719b9828
d26838f9-3035-4a4d-bc58-c2cd0f2d0967,648252da-dd86-48d1-ae75-4257e3142b0b
bf20e6e9-cf63-4296-a363-a67fcec9b69b,1bff1e07-4923-43d5-b2d3-cb46b6568eed
e47aa27d-cadc-44c2-a86e-f86109f69b10,dcd45077-f068-490b-bdcc-4d4a62285116
41788c22-109f-4ab9-b91f-a51c19c89bfb,f005fa99-7e4e-4308-b11c-83b25683b1fd
930afc1b-c17c-453d-97f2-34d4e1923c7f,1c095c4a-df97-402e-902c-fc83bcf8ef88
386f498d-4424-4fe4-ba95-929ec3b1fb78,5b744051-7355-4e15-b035-0621e709a5d7
6674f3cd-871f-4253-b31d-66da4ab32ab9,9d93834a-3bf0-41fd-8c74-5ac49a6e78cd
1eb80afe-a0f5-4a24-afe3-561f614a3e5c,f5268956-789d-4b22-8f19-a3ac9353d33d
e219f8b7-2f46-4de1-892a-480598d65257,0061e9ef-df6a-414e-af64-c88f8192e2d3
4d9a3ddd-09ac-4e15-9858-2b5ac989dc17,8655fa51-d784-4f8d-9bc8-f1da7303d22f
0b4c4a65-ca75-4f70-9f7a-3c537acaa8dd,4250ac3c-c8b0-46ce-b9c8-7963bc386041
ea26db51-bc79-4265-9045-b836d25399dd,c16d9f69-26f9-4ec7-b2d5-ff9f7dacfe0f
0688b16e-4442-41db-8078-7a96eec6508e,2d860614-b772-46e2-b1cd-43bb3ead7255
bec8f46f-8498-4afb-96ca-92d40e65e2bd,72aa812d-5daa-4bd7-9028-ec541b1f25bd
92036c7c-7da1-421f-877a-c39955ab60fe,edbf86e5-3f55-4ddf-a97f-3e9dc607e53d
44e7fc2b-5984-4c2b-94d8-9d306c0e0890,42fe260f-520b-4fac-8c09-d2b31aed59fb
0f809eb5-3376-403f-b1d3-959a32830d42,0bde34dd-dae9-4533-98ef-f5a61a11e7c4
0dbfcee6-23cd-4a9a-ab3a-977f0cedb9b1,59012b43-ab0b-42c3-aed3-94e224a3dfa7
79ce0d51-0ee8-436a-b50f-9bf5f2e88453,da735a88-d811-49f1-9091-a097c59ed68e
fb2f5e80-ca8b-49f7-8680-8aa3cf6ed976,e117fcf4-2c01-4b4d-8faf-5de7d0e839f1
a415d646-8f77-4677-8709-94d11a283a39,288f6c7e-d96f-4be1-8312-77c67f75c467
eb691be8-5696-4dd9-9c0d-1702f819bfff,61ff31a4-4fdc-476c-b456-2a2fed4bae6b
ba33e92e-92e8-4da2-9cd6-f8fe8a1c5b04,ddfd76dc-15d6-4efc-85ea-31674161ebf3
5dfedef4-44f7-4b06-b7c4-18d6ccc6638c,a66a3847-7570-4486-8845-86b6125104a2
7b6e75cb-8052-43c1-af51-f8908ddfffdf,40587b69-0f62-4a2a-88cb-1bd711377f19
f0a26d80-4e7d-47b4-8431-ffd26040dc86,3c6dc0eb-e94b-4293-b665-f3cba04fc8de
025681aa-76ef-486a-92c7-78b76ddb80e7,f97a9afe-e54a-4ef0-b458-0c77f938552e
168a5eb9-660c-4f51-8db1-0d7325de8fe9,77396ae6-3838-47bf-aaae-f9a0f401ec7f
b69040c6-a3ae-48ea-a850-97f34f2eb5b0,5af8ada5-86b5-4832-8a8e-e975ecca5515
a5033296-ba7a-414f-bf33-1ce0a5e60a49,e6b7420f-4315-46a8-aed5-5c47cce5ded3
2be77ce3-55f4-4d3b-9b9a-f815b681d3ca,145f87a3-5e86-4a87-8e49-b166a2271d02
7e66f891-8a97-48ff-910c-096bc97a48a1,fc222f23-b3b2-4ac0-bc61-e8e8fa5cc160
a7de5346-b522-41bd-a85f-4987537471e4,738143b3-2d82-42f0-9fd4-8cbabc9c9b4f
e0787bb6-e388-4791-ba19-2c4f8c519dd8,9b161c41-4f76-4ed1-b60f-2b093bc70edb
5456ec82-b2fd-41d6-8e25-99858ac76f06,427c40f6-d1bd-49f2-b303-a975793b937e
70c3617e-056b-409a-bc76-1a5f30ce7391,0611f5bc-89b5-44bd-b301-751faaadb561
eec81c3e-022f-43f0-94ea-9a96430199ae,4c167f09-d664-425f-bd84-6ff8c21b272b
c5e497d0-bc1d-43d9-a0c2-950733caa71d,f5416dc4-d161-4776-9827-e4ceaf42d19f
9b74c403-9b8f-4c28-b26b-6ab34075b7c6,e488f613-f155-4e11-87d4-8c789ea81691
91d01f50-697a-4379-b186-7e7562991db3,2cfc07f3-a31c-41a2-a9e3-b708d2421a78
ade2fd85-44e8-4ce9-8cd9-955973127192,c13a429c-99ea-478c-ae95-fa499b9ea9fa
84261673-e945-4fb1-8d59-1ba65295c8e1,c916b9a4-008e-4d79-a50c-f15c3549fcf6
562b836f-8ced-4938-b21f-9d3d7409cc5a,a144e4e4-2877-4340-a2bf-524adbde8bc8
fb0335d4-375c-4fdc-bbd4-7287ce9dcaa2,eb42625e-fbbb-4bee-bbe9-315b3ca2138a
e75bfbda-7c05-4276-b04d-6316790cb9b3,a2202233-4a83-4163-9532-b6edb9941453
401d5166-0ac1-47d7-b2fa-42ee9a381c84,f9052682-b689-4696-9ab9-3f55976b43ee
883e6d99-4f98-41c8-b435-d56949ce269f,8b10f00f-fde6-423d-bc36-027931359a5a
791a0b85-9c01-47e6-b48f-324c40ce9ea9,114902c7-77b2-42ca-926b-6895e6db5e36
dc8db24d-5987-40c2-9a61-f3c3223d43c6,8ed09a8a-3284-4a1b-b369-e25d2fab0f61
26e1b85b-88ec-4e59-ac9d-45eabd529a79,784ecaa5-7fb8-402a-8240-396aad96be83
cb1f21c0-95bd-416a-a749-1e1037a8e1f8,21bbe030-8dbb-47eb-a670-13eb57c12159
471cd39a-33e0-4b11-9108-cd81a83c20c5,cc451e2a-fa85-42d7-b7af-9fc0166945fa
9417a495-996b-495c-86c7-7d33180bf2be,df78e63d-4387-4177-b24f-f0e2c6c7ac32
c84e771a-a5b1-4fee-8c5d-253ed4805819,ac3779f6-cc8b-428b-9531-03562a614515
fdef5b7c-29e7-401c-88b3-2d11872b1336,5b199e7e-cc23-4065-88ad-fdfe3d0683d6
697a6ada-548c-44b4-a90a-dc67a778d5a8,5de6fd84-ed02-4c27-9947-db57f05faf6d
fa5463fd-e806-4652-b534-46422c6b56bd,d43581a5-3d49-4263-862b-ca99d15ec03d
a997a9b8-20de-45c1-83d8-f3d1d4824580,14375753-a69f-41e0-b910-2bb8e84cc43a
ced1d210-e4d2-4eb0-9f54-ec4806e8494c,a96bca45-ecc7-44f6-acb6-48b0cec3de4d
ecb4e73b-7123-40d9-b45a-019f6fb6a111,274496d6-0a9b-45ca-876f-b91f7277963c
fbc1af88-e833-4690-8ab0-440fdc54a882,da40e6d3-a2a9-4517-aaa2-aef6c3892ebf
011c6186-1e91-4dd4-9955-7664653b5555,9ee268a7-fa71-4f3f-919f-cf4ee1de2658
9f2ffb9b-ff4e-4cbe-a835-0c2d435ef74e,4c3e709a-fd52-431c-8be5-3d9b1f80ecd2
88ecb1e1-ea68-4fa3-8156-d7ee61a29d7f,5a3edeb6-133e-4116-9f80-2485bd70754d
5a9566ad-90c3-4fff-b3e5-0b6bcfbf3647,64cd17eb-c778-45e9-b994-02b68182e51b
949517fc-a66a-4150-8674-95b8f76a7192,d3d8987d-0a54-45f8-b9c9-17ec89fa864e
976aff5c-bc99-4f9a-8ab0-50e8b505c61a,2f8c789e-bbd8-4753-a48b-6894c21162f8
959aa532-47e7-4acc-8a1f-96095a9d8afe,033c1f48-9225-4159-b23b-7042272877da
7964932f-5914-411b-9f59-9d7644043537,0db80dff-5586-4d9f-b253-df82e6fd6901
65179e53-2cfc-4fa9-b16c-465d879e6812,457ec7f6-8612-4641-aaef-8a7f2c44c30c
9744d444-4e08-4398-babb-9b96c69c99aa,ab24cdc3-74a1-443f-831f-b7fb3821de6a
9e8563f9-6e1d-42ec-9b4a-86750932d532,3431a71c-fabf-440c-b11c-8acfee04724f
3b1eff14-6577-4922-8070-8f2eddca0e6a,872a12b4-8cbd-49d2-ac98-d846587f5794
656a27c8-af8f-4da4-bb66-3c554c24dbc4,8a94ff28-a74d-4fe2-b9c0-06c01f0a3fb6
d01c2553-7d66-4965-91c8-0a14887799ad,2cfc07f3-a31c-41a2-a9e3-b708d2421a78
175e8a4a-b2db-43e5-8e4e-6b862d98ae3f,b4f4c9b5-bc50-4f35-a7da-fd011c3b2c02
464f1154-2b11-4d05-a2f0-28b187bd3cd4,48314732-5d1c-43e6-9878-5b58dfaeb06a
cb077172-ae01-423d-81ba-79d669fd515f,33bedfb7-33fb-479d-b997-50c3284c0ac9
78e34293-776f-4d83-a08d-dfc83bf33aa8,b8df1577-2a75-4eb7-ab27-f2dd76160730
1cd1d730-8daa-491f-ba08-cc7e5fca19fa,ee6bf12f-8a73-49e2-b566-368b2b42165b
5c441b59-32d8-4db0-ad88-4b14c459ad67,799e9106-e62e-4681-8861-137f474ee8b8
fb4bf0eb-d487-4fff-8b48-d40951f99bdb,55c78413-d102-4113-930e-6d842862fe75
f5011dd2-ebb1-4fae-ab0b-d2ba486f115c,40ae8507-c08a-45d5-9bbb-65d236c82319
850a628e-3508-4498-b71d-69fe245aa82c,67e9b426-72eb-4475-9689-eb75b22c4fd5
30249d50-0001-48e0-86d7-329b4f0a2157,5a3ef1cb-c98e-473a-b097-20307b04bc1b
16bcb0f2-decd-4cda-a9a3-ddeb2e8b1740,c85fa637-941a-4a9a-8029-f5b44f3da430
f08166dc-8052-44d8-a3b6-3069f21effda,4240c137-ee3a-474c-9426-470380cb41a2
bbeb2455-bb89-46d1-89d4-9323905526c9,3baa0015-885c-487a-9076-236f404feb3e
48d09586-43a2-4295-a03d-eaa438551c87,fea46eef-6b7f-44c3-93bf-2dec16bdeb79
4aa7bb63-01c5-4793-860c-8a75fa078bb1,86aa5790-9afd-4653-926a-625516df1f56
f04f0598-67ed-4e4c-8c9a-b7ae752d2053,4bd8ebc1-6f6e-44a2-8544-106901a7bae5
18942443-9eae-4037-9ec5-ddbb48fd01a8,9b288f0e-5155-4736-bc22-e0e801d8b738
ef6152f8-7dbe-4f45-af72-e1832e975862,df22bc30-96e2-42de-9a39-2954db49841d
01fbe5c1-a0ec-46fd-9c9a-06fba2f202ca,97cb8701-7d63-4142-b404-006fbb3ecb0b
a2a62a84-b0be-40dc-89e3-65c0d5e84ad3,cd50aea8-a5db-48d3-ad28-cbe9f9e75ae3
582e082f-2eab-4393-9bb2-1ba42fe11743,68f550ca-3a33-45e4-b1c9-14f99e543263
4f1a1951-bfa8-41db-b5cf-b2ff01411de4,141f0546-f6f2-408f-ac86-07ca4aadf3d0
097afb57-afee-4cd1-bdd0-dbde3bccfaff,1ca2e1b3-e3eb-4740-a69a-800e3eb60787
96b7751a-0f97-4169-b75e-c90fe96c6809,70939245-41e0-4845-a473-5fef719b9828
ad7b4b0a-bce3-4454-9366-d549afd08614,e669a4b7-a494-490a-b78c-e664c59d0697
158b5ba2-c38a-4883-82b9-274da6d98867,559a8f6f-dd60-43b7-ae09-16cc4206064c
405f2371-483f-40e0-9891-58049f75cd25,40343ebd-0d62-401e-83a4-6cdb57662ec0
d552dbce-16cd-472b-ae81-b3d3a034460e,bc3b4816-df1d-44ed-a8c6-f32c8e011a1f
d2c84537-65fe-49ac-a83e-17fe1c835e6d,d87742fd-ff94-4ef0-bbf4-5dd5a185a0e7
5cf574c6-b9a4-4dae-b17e-abdf6887ba58,70939245-41e0-4845-a473-5fef719b9828
861baef9-7cc9-41e9-a553-27957cfdb288,f625e522-226b-450f-af94-dd2f5adb605e
df80f61b-74ff-46a6-94e5-326ab1e62aa1,c05f9e21-b8fa-4537-9ae7-39d6fc9d7933
ca9061a5-bf29-45c1-88cc-9f81b52e096a,04d56bed-98fb-45eb-8c90-95e69264dfe2
58944cae-1538-4a40-9f0c-e21b2c1dba16,98e82e98-341a-4bca-92c0-23c65c1bf94f
a033087c-396c-4dd8-8e52-591e362cdabb,e1758d75-b2a0-4386-bd72-6b2421d4da6b
c4dc3a18-3cfe-4be9-93b8-c9a3f8c67cc3,e8d3d888-e5fc-4469-ad0b-2c1df6e04790
2f282d2d-5e5c-471d-95e2-e1fcd6ca18e0,b342e980-8383-4f1b-bf57-4098c37a536c
917c8fb2-790b-425f-85b0-245cd7640f43,55a67639-ed05-4143-af96-a377bc5489ee
b7167e74-952f-4ae9-9bb5-8de79a468876,2f8c789e-bbd8-4753-a48b-6894c21162f8
c68b2320-c4f3-4113-8c31-8c29e4019da1,9cd3b3c6-2268-4e43-964b-b7a4daf6fc6f
8aaeb5ae-e641-41f6-ad25-a492f33b7ca3,2d42dd0e-be3a-46ae-a635-c6f9c52f9fa2
6c5ae8cd-181b-426b-bf55-9895f31a8cf2,8d06226e-500b-4172-ae96-c674913909e6
704e2990-43d0-4e62-9159-defb0193da2e,0557b788-5aed-4919-85eb-a503ad893d75
af48170d-1fc6-4e03-8142-21236c3ceb47,9351b1ae-89e6-4091-934f-d50da06cd01d
33675cce-f72f-4f1c-adbc-c6837081dd41,145c3685-f6de-4669-8ec4-6c3431a90532
0bf1d9df-2c45-41db-a5d0-242a8612b123,b3720405-ce3f-49c7-a5d9-bbffd06f6aef
ab99f041-3149-4501-8e04-fb8c701af3c9,fdff46a7-f92a-45cf-8756-6c73a406c923
14a6ba9d-8e75-4c17-98d8-22a18d55ac34,680b2e96-f00b-4012-8728-b0ec20c50ce0
